Code,Postcode,Product,SP/1000,Transport / 1000,Annual Volume
T0005,B70 0SU,BOX046/102/YPB/900G/1500P,508.17,17.53333333,24300
T0005,B70 0SU,BOX046/102/YPL/800G/1500P,457.18,17.53333333,26800
T0005,B70 0SU,BOX053/102/NPB/1000G/896P,666.03,29.35267857,4300
S0138,IP23 7AJ,BOX010/102/NPL/S0138/01/750G,557.3,34.765625,5400
S0138,IP23 7AJ,BOX010/102/YPB/S0138/01/1000G,763.59,34.765625,181500
S0138,IP23 7AJ,BOX016/102/LPB/1000G/1080P,600.8,41.2037037,183200
S0138,IP23 7AJ,BOX016/102/YPL/1000G/1080P,614.38,41.2037037,25000
S0138,IP23 7AJ,BOX046/102/NPL/S0138/01/900G,590.38,37.08333333,25000
S0138,IP23 7AJ,BOX046/102/YPB/1000G/1200P(2),685.96,37.08333333,25000
S0138,IP23 7AJ,1 stop halal plain lid,564,34.765625,25000
S0138,IP23 7AJ,130 deep plain LP base,612,34.765625,23100
S0138,IP23 7AJ,110 plain lid,560,37.08333333,178800
S0138,IP23 7AJ,110 shallow base,569,37.08333333,24000
L0105,DT71 7SD,BOX001/101/YPL/A9999/01/950G,682.19,48.0,0
L0105,DT71 7SD,BOX001/102/LPB/1100G/1080P,764.21,55.55555556,1100
L0105,DT71 7SD,BOX001/102/YPL/1000G/1120P,633.28,48.0,1300
L0105,DT71 7SD,BOX076/102/YPB/950G/1000P,546.09,60.0,1000
L0105,DT71 7SD,BOX076/102/YPL/1000G/1000P,543.04,60.0,1000
A0054,SY1 4AH,BOX001/101/YPL/1000G/1000P,667.15,85.5,0
A0054,SY1 4AH,BOX001/101/YPL/A9999/01/950G,717.91,68.4,0
A0054,SY1 4AH,BOX001/103/YPL/A9999/03/1100G,1163.2,85.5,0
A0054,SY1 4AH,BOX016/102/LPB/900G/1512P,442.79,57.57575758,0
A0054,SY1 4AH,BOX076/102/YPB/950G/1000P,580.18,85.5,0
A0054,SY1 4AH,BOX076/102/YPL/950G/1000P,578.77,85.5,0
A0054,SY1 4AH,BOX085/102/YPB/1100G/1000P,858.56,85.5,0
A0054,SY1 4AH,BOX085/102/YPL/A0054/01/1200G,1217.58,85.5,0
A0054,SY1 4AH,BOX085/102/YPL/A9999/01/1100G,907.5,85.5,0
A0055,DT10 1HA,BOX001/101/YPL/A9999/01/950G,773.88,41.24,0
A0055,DT10 1HA,BOX001/102/DWB/900G/680P,631.95,102.2058824,7000
A0055,DT10 1HA,BOX001/102/LPB/1250G/1000P,899.91,69.5,0
A0055,DT10 1HA,BOX016/101/YPB/900G/1485P,356.71,46.8013468,6000
A0055,DT10 1HA,BOX016/101/YPL/900G/1485P,385.87,46.8013468,0
A0055,DT10 1HA,BOX076/102/YPB/950G/1000P,505.64,69.5,0
A0055,DT10 1HA,BOX076/102/YPL/950G/1000P,502.81,69.5,0
A0055,DT10 1HA,BOX085/102/YPB/1100G/1000P,952.35,69.5,0
A0055,DT10 1HA,BOX085/102/YPL/A9999/01/1100G,1036.2,69.5,0
A0063,DT7 9UL,BOX001/101/YPL/A9999/01/950G,748.58,48.0,0
A0063,DT7 9UL,BOX001/102/LPB/1250G/1000P,875.41,60.0,0
A0063,DT7 9UL,BOX016/101/YPB/900G/1350P,436.93,44.44444444,0
A0063,DT7 9UL,BOX061/103/YPL/A9999/01/900G,642.81,40.4040404,0
A0065,YO19 5GH,BOX001/101/YPL/A9999/01/950G,703.95,49.2,0
A0065,YO19 5GH,BOX001/102/DWB/900G/680P,690.26,90.44117647,4100
A0065,YO19 5GH,BOX001/102/LPB/1100G/1080P,707.28,56.94444444,2400
A0065,YO19 5GH,BOX001/102/YPL/1000G/1250P,625.38,49.2,3800
A0065,YO19 5GH,BOX016/101/YPB/900G/1485P,428.53,41.41414141,4500
A0065,YO19 5GH,BOX016/101/YPL/900G/1485P,410.68,41.41414141,4500
A0065,YO19 5GH,Box076 102 base,580,67.5,25000
A0065,YO19 5GH,Box076 102 lid,593,67.5,25000
A0203,FK9 4NE,BOX001/101/LPB/1250G/1000P,848.73,74.0,46300
A0203,FK9 4NE,BOX001/101/YPB/1000G/1250P,646.57,59.2,0
A0203,FK9 4NE,BOX001/101/YPL/1000G/1250P,676.46,59.2,48800
A0203,FK9 4NE,BOX001/101/YPL/A9999/01/950G,746.37,59.2,0
A0203,FK9 4NE,BOX001/102/YPL/A0049/01/1250G,903.44,74.0,0
A0203,FK9 4NE,BOX001/102/YPL/A0049/05/1250G,903.44,74.0,0
A0203,FK9 4NE,BOX001/102/YPL/A0049/06/1250G,919.54,74.0,1700
A0203,FK9 4NE,BOX001/103/YPL/A9999/03/1100G,1203.2,74.0,0
A0203,FK9 4NE,BOX016/101/LPB/900G/1485P,432.6,49.83164983,13400
A0203,FK9 4NE,BOX016/101/YPL/900G/1485P,464.3,49.83164983,5900
A0203,FK9 4NE,BOX016/101/YPL/A9999/01/900G,587.92,68.51851852,1100
A0203,FK9 4NE,BOX016/102/NPL/A0042/01/1000G,545.49,68.51851852,2200
A0203,FK9 4NE,BOX016/102/NPL/A0049/03/1000G,555.43,68.51851852,4300
A0203,FK9 4NE,BOX085/102/YPL/A0049/02/1250G,810.35,68.51851852,0
A0203,FK9 4NE,BOX085/103/YPL/A9999/01/1100G,759.05,74.0,0
A0198,NE23 7NB,BOX085/102/YPB/1100G/1000P,692.6814815,60.0,0
A0198,NE23 7NB,BOX085/102/YPL/A9999/01/1100G,745.05,60.0,0
A0041,DN3 3FF,BOX001/101/YPB/1000G/1250P,647.62,48.4,5000
A0041,DN3 3FF,BOX001/101/YPL/1000G/1250P,682.85,48.4,5000
A0043,GU1 1RP,BOX001/101/LPB/1250G/1000P,880.95,69.0,0
A0043,GU1 1RP,BOX001/101/YPL/A9999/01/950G,697.39,55.2,0
A0043,GU1 1RP,BOX075/103/NPL/A9999/02/950G,980.19,66.34615385,0
A0043,GU1 1RP,BOX075/103/YPB/1200G/660P,935.29,104.5454545,0
A0197,G33 4AG,BOX001/101/NPB/1050G/1000P,570.64,77.0,0
A0197,G33 4AG,BOX001/101/NPL/1000G/1000P,609.13,77.0,1000
A0197,G33 4AG,BOX001/102/LPB/1250G/1000P,802.46,77.0,10000
A0197,G33 4AG,BOX001/102/YPL/1000G/1000P,659.74,77.0,0
A0197,G33 4AG,BOX016/102/LPB/1000G/1080P,497.91,71.2962963,0
A0197,G33 4AG,BOX016/102/YPB/1000G/1080P,475.2,71.2962963,0
A0197,G33 4AG,BOX016/102/YPL/1000G/1080P,496.1,71.2962963,0
A0058,PH1 3XB,Box001 1000gsm print to replace 1250gsm,822.66,59.04,18000
A0058,PH1 3XB,Box085 1000gsm print to replace 1250gsm,759.37,61.5,10000
A0058,PH1 3XB,BOX001/101/YPL/A9999/01/950G,726.58,41.24,13000
A0058,PH1 3XB,BOX001/102/DWB/1250G/680P,1248.06,75.80882353,0
A0058,PH1 3XB,BOX001/102/LPB/1250G/1000P,808.5,51.55,121000
A0058,PH1 3XB,BOX001/102/YPL/A0049/01/1250G,903.44,51.55,36300
A0058,PH1 3XB,BOX001/102/YPL/A0049/03/1250G,896.04,51.55,46700
A0058,PH1 3XB,BOX001/102/YPL/A0049/05/1250G,903.44,51.55,0
A0058,PH1 3XB,BOX001/102/YPL/A0049/06/1250G,895.23,51.55,0
A0058,PH1 3XB,BOX016/101/YPL/A9999/01/900G,587.92,47.73148148,0
A0058,PH1 3XB,BOX016/102/LPB/1000G/1080P,489.42,47.73148148,25800
A0058,PH1 3XB,BOX016/102/NPL/A0042/01/1000G,545.49,47.73148148,5400
A0058,PH1 3XB,BOX016/102/NPL/A0049/03/1000G,555.43,47.73148148,11900
A0058,PH1 3XB,BOX016/102/YPL/1000G/1080P,491.14,47.73148148,6500
A0058,PH1 3XB,BOX060/102/YPL/A0049/02/1000G,680.92,47.73148148,2000
A0058,PH1 3XB,BOX076/102/YPB/950G/1000P,540.36,51.55,0
A0058,PH1 3XB,BOX076/102/YPL/950G/1000P,559.49,51.55,0
A0058,PH1 3XB,BOX085/102/YPL/A0049/02/1250G,810.35,47.73148148,0
A0058,PH1 3XB,BOX085/102/YPB/1100G/1000P,701.2,51.55,0
A0058,PH1 3XB,BOX085/102/YPB/1100G/1000P,701.2,51.55,0
A0058,PH1 3XB,BOX085/102/YPL/A9999/01/1100G,759.05,51.55,0
A0058,PH1 3XB,BOX085/103/YPL/A9999/01/1100G,759.05,51.55,0
A0065,YO19 5GH,BOX001 - Kings Valley 10k MOQ,865,50.0,10000
A0065,YO19 5GH,BOX001 - Kings Valley 5k MOQ,1100,50.0,5000
A0065,YO19 5GH,BOX085/102/YPB/1100G/1000P,712.7,61.5,0
A0065,YO19 5GH,BOX085/102/YPL/A9999/01/1100G,759.05,61.5,0
A0065,YO19 5GH,BOX016 - Kings Valley 10k MOQ,610,50.0,10000
A0065,YO19 5GH,BOX016 - Kings Valley 5K MOQ,770,50.0,5000
A0101,HX3 5HA,Box011 stock base,30.18382353,25.65625,60000
A0101,HX3 5HA,Box011 stock lid,30.18382353,25.65625,60000
A0101,HX3 5HA,Bespoke small base - make and take,36.65178571,25.65625,20000
A0101,HX3 5HA,Bespoke small lid - make and take,36.65178571,25.65625,20000
A0101,HX3 5HA,Bespoke large base - make and take,113.9322917,91.14583333,20000
A0101,HX3 5HA,Bespoke large lid - make and take,113.9322917,91.14583333,20000
A0105,BS30 9TN,BOX001/102/DWB/1000G/510P(2),904.29,37.25490196,9800
A0105,BS30 9TN,BOX001/102/LPB/1000G/1120P,778.27,16.96428571,22600
A0105,BS30 9TN,BOX001/102/NPL/A0105/01/1250G,875.6,23.75,28000
A0105,BS30 9TN,BOX001/102/NPL/A0105/02/1250G,875.6,23.75,84300
A0105,BS30 9TN,BOX001/102/NPL/A0105/03/1250G,875.6,23.75,66700
A0105,BS30 9TN,BOX001/102/YPL/1000G/1120P,762.65,16.96428571,700
A0105,BS30 9TN,BOX001/102/YPL/A0105/01/1000G,833.8,16.96428571,97700
A0105,BS30 9TN,BOX010/102/NPL/A0105/01/1250G,914.71,19.0,0
A0105,BS30 9TN,BOX027/102/YPO/1000G/960P,919.65,19.79166667,0
A0105,BS30 9TN,BOX027/102/YPO/A0105/01/900G,823.23,16.96428571,16000
A0105,BS30 9TN,BOX036/101/YPO/900G/1320P,675.66,14.39393939,14000
A0105,BS30 9TN,BOX076/102/YPB/1000G/1000P,612.38,19.0,19800
A0105,BS30 9TN,BOX076/102/YPB/950G/1000P,612.38,19.0,53000
A0105,BS30 9TN,BOX079/102/YPB/1250G/750P,1623.44,25.33333333,53000
T0042,IV24 3AQ,Box002 6pt - 1 pallet,921,100.6493506,1500
T0042,IV24 3AQ,BoxF501 Base - 1 pallet,80.90277778,64.72222222,1500
T0042,IV24 3AQ,BoxF501Lid - 1 pallet,80.90277778,64.72222222,1500
T0042,IV24 3AQ,Box002 6pt - 26 pallet,867.1788212,46.82817183,1500
T0042,IV24 3AQ,BoxF501 Base - 26 pallet,48.23183761,32.05128205,1500
T0042,IV24 3AQ,BoxF501Lid - 26 pallet,48.23183761,32.05128205,1500
H0052,SE28 0FN,BOX007/101/NPB/950G/1120P,550.92,59.375,80000
H0052,SE28 0FN,BOX007/101/NPL/900G/1120P,595.95,59.375,80000
H0052,SE28 0FN,BOX027/101/NPB/850G/1440P,390.86,46.18055556,60000
H0052,SE28 0FN,BOX027/101/NPL/700G/1440P,412.06,46.18055556,60000
H0052,SE28 0FN,BOX036/101/YPO/900G/1320P,771.43,50.37878788,50000
H0052,SE28 0FN,BOX059/102/YPO/900G/1500P,848.44,44.33333333,20000
B0172,PR7 2BY,BOX016/101/YPL/900G/1485P,489.5,28.28282828,0
B0172,PR7 2BY,BOX016/101/YPB/900G/1485P,443.77,28.28282828,0
B0172,PR7 2BY,BOX001/101/YPB/1000G/1250P,669.37,33.6,0
B0172,PR7 2BY,BOX001/101/YPL/1000G/1250P,703.23,33.6,0
B0172,PR7 2BY,BOXS034/102/NPB/1250G/800P(2),983.23,56.875,0
B0172,PR7 2BY,BOXS034/102/NPL/C9999/03/1000G,798.75,60.66666667,0
B0172,PR7 2BY,BOXF501/101/DPB/950G/1800P,357.79,23.33333333,0
B0172,PR7 2BY,BOXF501/101/DPL/750G/1800P,314.33,23.33333333,0
B0172,PR7 2BY,Plain lid,29.16666667,23.33333333,0
B0172,PR7 2BY,Plain base,29.16666667,23.33333333,0
C0004,IP23 7HE,BOX001/101/LPB/1000G/1240P,818.24,19.38585608,0
C0004,IP23 7HE,BOX001/101/NPB/1050G/1000P,752.52,24.03846154,0
C0004,IP23 7HE,BOX001/101/NPL/1000G/1000P,765.54,24.03846154,0
C0004,IP23 7HE,BOX001/101/YPL/1000G/1000P,826.78,24.03846154,0
C0004,IP23 7HE,BOX002/101/YPO/900G/1232P,809.71,19.51173826,0
C0004,IP23 7HE,BOX008/101/NPB/1100G/1000P,1303.66,24.03846154,142600
C0004,IP23 7HE,BOX008/101/NPL/950G/1000P,1135.7,24.03846154,142600
C0004,IP23 7HE,BOX016/101/YPL/900G/1485P,570.7,16.18751619,3600
C0004,IP23 7HE,BOX027/101/NPB/850G/1620P,405.01,14.83855651,0
C0004,IP23 7HE,BOX027/101/NPL/700G/1620P,383.45,14.83855651,0
C0004,IP23 7HE,BOXF501/101/DPB/950G/1800P,407.63,13.35470085,217500
C0004,IP23 7HE,BOXF501/101/DPL/750G/1800P,342.82,13.35470085,95200
C0004,IP23 7HE,Box001 LP Base 1250gsm,1025,24.03846154,120900
B0017,IP25 6RB,Box074 Base,400.5,10.86538462,10000
B0017,IP25 6RB,Box074 Lid,396.5,10.86538462,10000
B0017,IP25 6RB,Box005 base,539,8.692307692,7500
B0017,IP25 6RB,Box005 Lid,541,8.692307692,7500
B0017,IP25 6RB,Box008 base,64.44444444,48.33333333,10000
B0017,IP25 6RB,Box008 lid,64.44444444,48.33333333,10000
B0017,IP25 6RB,Box056 base,32.19373219,24.14529915,10000
B0017,IP25 6RB,Box056 lid,32.19373219,24.14529915,10000
C0135,CO5 8UN,1/2 stone Base - Plain,281,29.01785714,2000
C0135,CO5 8UN,1/2 stone Lid - Plain,261,29.01785714,2000
C0135,CO5 8UN,1 stone Base - Plain,363,36.11111111,5000
C0135,CO5 8UN,1 stone Lid - Plain,322,36.11111111,5000
C0135,CO5 8UN,2 stone Base - Plain,543,46.42857143,5000
C0135,CO5 8UN,2 stone Lid - Plain,475,46.42857143,5000
C0233,LS25 6PL,BOX001/102/LPB/1000G/1120P,630.58,37.94642857,23800
C0233,LS25 6PL,BOX001/102/YPL/1000G/1120P,655.69,37.94642857,24600
C0233,LS25 6PL,BOX016/102/NPL/850G/2160P,367.29,19.67592593,24600
C0233,LS25 6PL,BOXS027/102/NPB/850G/1080P,353.27,39.35185185,0
C0194,HU9 5NF,BOX001/102/LPB/1000G/1120P,616.97,15.88541667,168500
C0194,HU9 5NF,BOX001/102/YPL/1000G/1120P,634.86,15.88541667,1053800
C0194,HU9 5NF,BOX001/102/YPL/C9999/03/1000G,672.4,15.88541667,0
C0194,HU9 5NF,BOX016/102/NPL/850G/2160P,326.69,8.236882716,35100
C0194,HU9 5NF,BOX016/102/NPL/C9999/04/850G,392.53,16.47376543,169000
C0194,HU9 5NF,BOX035/102/LPB/900G/1750P,503.47,23.72222222,38600
C0194,HU9 5NF,BOX035/102/NPL/C9999/01/1250G,503.47,14.82638889,0
C0194,HU9 5NF,BOX061/102/NPL/C9999/02/1000G,467.57,15.88541667,1119000
C0194,HU9 5NF,BOX094/102/NPB/C9999/01/1250G,542.73,11.86111111,0
C0194,HU9 5NF,BOXS027/102/LPB/900G/1080P,406.49,16.47376543,40200
C0194,HU9 5NF,BOXS027/102/NPB/850G/1080P,324.75,16.47376543,388800
C0194,HU9 5NF,BOXS027/102/YPL/900G/1080P,451.44,16.47376543,0
C0194,HU9 5NF,BOXS034/102/NPB/1250G/800P(2),903.33,16.47376543,13400
C0194,HU9 5NF,BOXS034/102/NPL/C9999/03/1000G,835.44,22.23958333,13400
C0194,HU9 5NF,BOXS034/102/NPL/C9999/04/1000G,835.44,21.96502058,23800
C0193,HU7 0YW,BOX001/102/LPB/1000G/1120P,753.69,15.88541667,0
C0193,HU7 0YW,BOX001/102/YPL/1000G/1120P,743.61,15.88541667,0
C0193,HU7 0YW,BOX016/102/NPL/850G/2160P,424.28,8.236882716,0
C0193,HU7 0YW,BOXS027/102/NPB/850G/1080P,408.29,16.47376543,346100
C0193,HU7 0YW,BOXS034/102/NPL/C9999/03/1000G,835.44,23.72222222,47000
C0193,HU7 0YW,BOXS034/102/NPL/C9999/04/1000G,835.44,14.82638889,300200
C0196,CB8 7NR,BOX001/102/LPB/1000G/1120P,616.97,12.61160714,58300
C0196,CB8 7NR,BOX001/102/YPL/1000G/1120P,634.86,12.61160714,25800
C0196,CB8 7NR,BOX001/102/YPL/C9999/04/1000G,672.4,12.61160714,685500
C0196,CB8 7NR,BOX016/102/NPL/850G/2160P,387.62,6.539351852,59400
C0196,CB8 7NR,BOX061/102/NPL/C9999/01/1000G,467.57,12.61160714,0
C0196,CB8 7NR,BOX061/102/NPO/C9999/01/850G,724.67,12.61160714,0
C0196,CB8 7NR,BOXS027/102/NPB/850G/1080P,369.66,13.0787037,211900
C0196,CB8 7NR,BOXS034/102/NPB/1250G/800P(2),903.33,17.65625,71900
C0196,CB8 7NR,BOXS034/102/NPL/C9999/04/1000G,835.44,17.4382716,715300
C0196,CB8 7NR,Layer pad with die cut whole,616.43,29.23076923,0
D0019,RG19 6HN,Box016 101 Base,61.44781145,49.15824916,4090
D0019,RG19 6HN,Box016 101 Lid,61.44781145,49.15824916,2070
D0019,RG19 6HN,Box F501 base,50.69444444,40.55555556,2070
D0019,RG19 6HN,BoxF501 Lid,50.69444444,40.55555556,2500
D0019,RG19 6HN,BoxF502 Base,65.17857143,52.14285714,2500
D0019,RG19 6HN,BoxF502 Lid,65.17857143,52.14285714,10300
D0193,F35 D882,BOX001/101/NPL/D9999/03/1000G,733.8559322,133.3333333,0
D0193,F35 D882,BOX001/101/NPL/D9999/14/1000G,733.8559322,133.3333333,15800
D0193,F35 D882,BOX001/101/NPL/D9999/23/1000G,733.8559322,133.3333333,5600
D0193,F35 D882,BOX001/101/NPL/D9999/26/1000G,711.8402542,133.3333333,15000
D0193,F35 D882,BOX001/101/NPL/D9999/29/1000G,733.8559322,133.3333333,0
D0193,F35 D882,BOX001/101/NPL/D9999/35/1000G,758.440678,133.3333333,0
D0193,F35 D882,BOX001/102/LPB/1000G/1120P,689.8728814,89.28571429,0
D0193,F35 D882,BOX001/102/YPL/1000G/1120P,726.4955932,87.5,0
D0193,F35 D882,BOX016/101/YPL/D9999/05/900G,529.8305085,88.88888889,11900
D0193,F35 D882,BOX016/101/YPL/D9999/07/900G,556,88.88888889,0
D0193,F35 D882,BOX016/102/YPL/D9999/03/900G,529.8305085,88.88888889,0
D9999,MK44 3SB,BOX001/101/NPL/D9999/15/1000G          ,763.6949153,27.33333333,0
D9999,MK44 3SB,BOX070/102/YPL/1100G/500P,1341.968644,41.0,6000
D9999,MK44 3SB,BOX070/102/YPB/1100G/500P,1238.583051,41.0,8000
D9999,MK44 3SB,BOX001/102/LPB/1250G/1000P,824.4762712,20.5,0
D9999,MK44 3SB,BOX001/102/DWBH/1000G/540P,786.4855932,37.96296296,0
D9999,MK44 3SB,BOX001/101/YPL/D9999/03/950G,740.6618644,27.33333333,0
D9999,MK44 3SB,BOX001/101/NPL/D9999/01/1000G,740.6610169,27.33333333,0
D9999,MK44 3SB,BOX001/101/NPL/D9999/37/1000G,695.3410169,27.33333333,3500
D9999,MK44 3SB,BOX001/101/NPL/D9999/30/1000G,684.3010169,27.33333333,10500
D9999,MK44 3SB,BOX001/101/NPL/D9999/16/950G,683.7118644,27.33333333,0
D9999,MK44 3SB,BOX001/101/NPL/D9999/22/1000G,683.7101695,27.33333333,1000
D9999,MK44 3SB,BOX076/102/YPL/950G/1000P,679.2254237,20.5,8000
D9999,MK44 3SB,BOX076/102/YPB/950G/1000P,675.7474576,20.5,15000
D9999,MK44 3SB,BOX001/101/NPL/D9999/12/1000G,673.6116102,27.33333333,2250
D9999,MK44 3SB,BOX001/101/NPL/D9999/23/1000G,662.9228814,27.33333333,0
D9999,MK44 3SB,BOX001/102/YPL/1000G/1000P,634.7440678,18.30357143,0
D9999,MK44 3SB,BOX078/102/YPL/950G/1200P,520.3449153,17.08333333,20500
D9999,MK44 3SB,BOX078/102/YPB/950G/1200P,502.6805085,17.08333333,22500
D9999,MK44 3SB,BOX016/102/YPL/950G/1125P,474.440678,18.22222222,0
D9999,MK44 3SB,BOX016/102/YPB/1000G/1125P,415.6440678,18.22222222,0
D9999,MK44 3SB,BOX054/102/NPL/GENPRT/01/800G,403.8135593,14.23611111,10400
D9999,MK44 3SB,BOX054/102/NPB/900G/1440P,314.7288136,14.23611111,3500
D9999,YO15 3QY,BOX001/101/NPL/D9999/15/1000G          ,795.9576271,64.44444444,0
D9999,YO15 3QY,BOX070/102/YPL/1100G/500P,1341.968644,96.66666667,0
D9999,YO15 3QY,BOX070/102/YPB/1100G/500P,1238.590678,96.66666667,0
D9999,YO15 3QY,BOX001/102/LPB/1250G/1000P,837.720339,48.33333333,164000
D9999,YO15 3QY,BOX001/102/DWBH/1000G/540P,801.7245763,89.50617284,51300
D9999,YO15 3QY,BOX076/102/NPL/D9999/01/915G,741.4154237,48.33333333,0
D9999,YO15 3QY,BOX001/101/NPL/D9999/35/1000G,693.4942373,64.44444444,0
D9999,YO15 3QY,BOX076/102/YPB/950G/1000P,686.7152542,48.33333333,0
D9999,YO15 3QY,BOX085/102/YPL/1200G/1120P,683.8855932,43.1547619,0
D9999,YO15 3QY,BOX076/102/YPL/950G/1000P,679.2254237,48.33333333,0
D9999,YO15 3QY,BOX001/101/NPL/D9999/16/950G,676.8813559,64.44444444,0
D9999,YO15 3QY,BOX001/101/NPL/D9999/22/1000G,676.8791525,64.44444444,5000
D9999,YO15 3QY,BOX001/101/NPL/D9999/23/1000G,676.8791525,64.44444444,0
D9999,YO15 3QY,BOX001/101/NPL/D9999/38/1000G,675.7542373,64.44444444,0
D9999,YO15 3QY,BOX001/101/NPL/D9999/30/1000G,669.9411864,64.44444444,1400
D9999,YO15 3QY,BOX085/102/YPB/1200G/1120P,647.0771186,43.1547619,0
D9999,YO15 3QY,BOX001/102/YPL/1000G/1000P,646.940678,48.33333333,12000
D9999,YO15 3QY,BOX001/101/NPL/D9999/11/950G,590.1101695,64.44444444,0
D9999,YO15 3QY,BOX061/101/YPL/D9999/09/950G,539.3059322,42.96296296,0
D9999,YO15 3QY,BOX016/102/YPL/950G/1125P,474.440678,42.96296296,10125
D9999,YO15 3QY,BOX054/102/NPL/GENPRT/01/800G,434.4067797,30.09259259,0
D9999,YO15 3QY,BOX016/102/YPB/1000G/1125P,415.6440678,42.96296296,11250
D9999,YO15 3QY,BOX054/102/NPB/900G/1440P,345.9661017,33.56481481,0
D0193,X42 TW64,BOX016/101/YPL/D9999/04/915G,529.8305085,88.88888889,5600
D0193,P56 X772,BOX001/101/NPL/D9999/32/1000G,733.8559322,133.3333333,0
D0193,P56 X772,BOX001/101/NPL/D9999/39/1000G,745.6779661,133.3333333,4600
D0193,P56 X772,BOX016/102/YPL/D9999/08/900G,553.9491525,88.88888889,4500
D0193,P56 X772,BOX070/102/YPB/1100G/500P,1262.707627,200.0,3500
D0193,P56 X772,BOX070/102/YPL/1100G/500P,1366.09322,200.0,3500
D0193,P56 X772,BOX085/101/YPL/D9999/03/900G,625.6389831,83.33333333,6500
D9999,SA14 6RF,BOX027/102/YPO/1000G/960P,743.0384746,72.65625,23800
D9999,SA14 6RF,BOX001/102/YPL/1000G/1120P,678.9598475,62.27678571,25160
D9999,SA14 6RF,BOX001/102/LPB/1000G/1120P,664.1818729,62.27678571,25160
D9999,SA14 6RF,BOX052/102/NPL/850G/1500P,457.0916949,46.5,3000
D9999,SA14 6RF,BOX014/102/NPB/950G/1500P,453.7476305,46.5,1500
D9999,LA12 0LT,BOX001/101/NPL/D9999/15/1000G          ,837.2372881,114.0,0
D9999,LA12 0LT,BOX001/102/LPB/1250G/1000P,856.3305085,85.5,28000
D9999,LA12 0LT,BOX001/102/YPL/1000G/1000P,690.0677966,85.5,26000
D9999,EX20 3HT,BOX001/101/NPL/D9999/15/1000G          ,813.1525424,97.33333333,0
D9999,EX20 3HT,BOX001/102/DWBH/1000G/540P,878.2627119,135.1851852,22650
D9999,EX20 3HT,BOX001/102/LPB/1250G/1000P,853.4211864,73.0,49000
D9999,EX20 3HT,BOX001/101/NPL/D9999/12/1000G,740.0277966,97.33333333,0
D9999,EX20 3HT,BOX001/101/NPL/D9999/04/1000G,708.1610169,97.33333333,750
D9999,EX20 3HT,BOX001/102/YPL/1000G/1000P,676.9166102,73.0,45000
D9999,EX20 3HT,BOX016/102/YPL/950G/1125P,524.1779661,64.88888889,2250
D9999,EX20 3HT,BOX016/102/YPB/1000G/1125P,463.9830508,64.88888889,2250
D9999,EX20 3HT,BOX054/102/NPL/GENPRT/01/800G,444.5084746,50.69444444,0
D9999,EX20 3HT,BOX054/102/NPB/900G/1440P,356.3050847,50.69444444,0
D9999,BT70 21NJ,BOX001/101/NPL/D9999/01/1000G,885.4915254,133.3333333,0
D9999,BT70 21NJ,BOX001/101/NPL/D9999/04/1000G,777.1440678,133.3333333,0
D9999,BT70 21NJ,BOX001/101/NPL/D9999/15/1000G          ,843.4830508,133.3333333,0
D9999,BT70 21NJ,BOX001/101/NPL/D9999/16/950G,822.8898305,133.3333333,0
D9999,BT70 21NJ,BOX001/102/DWBH/1000G/540P,814.4067797,185.1851852,1000
D9999,BT70 21NJ,BOX001/102/NPB/1250G/600P,723.33,166.6666667,75500
D9999,BT70 21NJ,BOX001/102/NPL/1250G/600P,788.3071017,166.6666667,0
D9999,BT70 21NJ,BOX016/102/YPB/1000G/1125P,446.6694915,88.88888889,36500
D9999,BT70 21NJ,BOX016/102/YPL/950G/1125P,503.8644068,88.88888889,10100
D9999,BT70 21NJ,BOX027/102/YPO/1000G/960P,733.3291525,104.1666667,6700
D9999,BT70 21NJ,BOX076/102/YPB/950G/1000P,751.7627119,100.0,4000
D0193,X91 HRR3,BOX016/102/YPL/D9999/06/900G,553.9491525,88.88888889,0
D0193,X91 HRR3,BOX085/102/YPB/1200G/1120P,663.3152542,87.5,0
D0193,X91 HRR3,BOX085/102/YPL/1200G/1120P,700.1161017,89.28571429,0
D9999,KA21 5JQ,BOX001/101/NPL/D9999/15/1000G          ,807.3305085,87.2,0
D9999,KA21 5JQ,BOX070/102/YPL/1100G/500P,1363.866102,130.8,0
D9999,KA21 5JQ,BOX070/102/YPB/1100G/500P,1260.472881,130.8,1500
D9999,KA21 5JQ,BOX001/102/LPB/1250G/1000P,782.3423898,65.4,156000
D9999,KA21 5JQ,BOX001/101/YPL/D9999/04/950G,718.9067797,87.2,2250
D9999,KA21 5JQ,BOX027/102/YPO/1000G/960P,712.1668881,68.125,0
D9999,KA21 5JQ,BOX001/101/NPL/D9999/12/1000G,702.0948305,87.2,2900
D9999,KA21 5JQ,BOX076/102/YPL/950G/1000P,697.8279661,65.4,4000
D9999,KA21 5JQ,BOX085/102/YPL/1200G/1120P,696.8516949,58.39285714,0
D9999,KA21 5JQ,BOX076/102/YPB/950G/1000P,694.35,65.4,4000
D9999,KA21 5JQ,BOX001/101/NPL/D9999/16/950G,687.6779661,87.2,0
D9999,KA21 5JQ,BOX085/102/YPB/1200G/1120P,679.1262712,58.39285714,0
D9999,KA21 5JQ,BOX001/101/NPL/D9999/02/1000G,670.7979661,87.2,4500
D9999,KA21 5JQ,BOX001/102/YPL/1000G/1000P,659.8640746,65.4,150000
D9999,KA21 5JQ,BOX054/102/NPL/GENPRT/01/800G,441.0932203,45.41666667,5750
D9999,KA21 5JQ,BOX054/102/NPB/900G/1440P,354.0762712,45.41666667,5750
D9999,PL15 7JL,BOX001/102/LPB/1250G/1000P,782.3389831,66.0,14000
D9999,PL15 7JL,BOX001/102/YPL/1000G/1000P,665.1271186,66.0,14000
D9999,SA40 9QE,BOX001/101/NPL/D9999/15/1000G          ,813.1525424,93.0,0
D9999,SA40 9QE,BOX050/102/NPB/1200G/552P,863.3440678,126.3586957,15500
D9999,SA40 9QE,BOX001/102/LPB/1250G/1000P,787.3263153,69.75,75000
D9999,SA40 9QE,BOX001/102/DWB/1000G/600P,762.2542373,116.25,118320
D9999,SA40 9QE,BOX001/101/YPL/D9999/04/950G,753.6610169,93.0,0
D9999,SA40 9QE,BOX001/101/YPL/D9999/03/950G,753.6584746,93.0,0
D9999,SA40 9QE,BOX076/102/NPL/D9999/01/915G,741.4154237,69.75,43350
D9999,SA40 9QE,BOX050/102/YPB/1000G/1000P,706.6470661,69.75,0
D9999,SA40 9QE,BOX076/102/YPB/950G/1000P,686.7152542,69.75,40000
D9999,SA40 9QE,BOX001/101/NPL/D9999/04/1000G,649.8,93.0,5250
D9999,SA40 9QE,BOX001/102/YPL/1000G/1000P,630.7109898,69.75,150000
D9999,SA40 9QE,BOX001/101/NPL/D9999/16/950G,576.7474576,93.0,0
D9999,SA40 9QE,BOX001/101/NPL/D9999/11/950G,555.8749153,93.0,18900
D9999,SA40 9QE,BOX061/101/YPL/D9999/08/950G,540.8389831,62.0,6250
D9999,SA40 9QE,BOX061/102/YPL/D9999/04/950G,540.8389831,62.0,4500
D9999,SA40 9QE,BOX061/102/YPL/D9999/09/950G,540.8389831,62.0,45000
D9999,SA40 9QE,BOX061/102/YPL/D9999/10/950G,537.1271186,62.0,5625
D9999,SA40 9QE,BOX016/102/YPL/950G/1125P,478.2372881,62.0,49500
D9999,SA40 9QE,BOX054/102/NPL/GENPRT/01/800G,447.9830508,48.4375,0
D9999,SA40 9QE,BOX016/102/YPB/1000G/1125P,419.8389831,62.0,3240
D9999,SA40 9QE,BOX054/102/NPB/900G/1440P,356.8644068,48.4375,0
D9999,PR5 6AJ,BOX001/101/NPL/D9999/15/1000G          ,763.6949153,67.0,0
D9999,PR5 6AJ,BOX001/102/DWBH/1000G/540P,845.3898305,93.05555556,540
D9999,PR5 6AJ,BOX001/101/YPL/D9999/03/950G,753.6584746,67.0,0
D9999,PR5 6AJ,BOX027/102/YPO/1000G/960P,720.1515254,52.34375,16320
D9999,PR5 6AJ,BOX001/101/NPL/D9999/12/1000G,717.2664407,67.0,0
D9999,PR5 6AJ,BOX001/101/NPL/D9999/16/950G,717.2627119,67.0,0
D9999,PR5 6AJ,BOX001/101/NPL/D9999/04/1000G,680.675,67.0,0
D9999,PR5 6AJ,BOX001/102/YPL/1000G/1120P,661.3220339,44.86607143,71680
D9999,PR5 6AJ,BOX001/102/LPB/1000G/1120P,625.1825695,44.86607143,70560
D9999,BB7 4LH,BOX001/101/NPL/D9999/15/1000G          ,763.6949153,50.13,0
D9999,BB7 4LH,BOX001/102/DWBH/1000G/540P,833.1355932,69.63,2700
D9999,BB7 4LH,BOX001/102/LPB/1250G/1000P,775.1589407,37.6,399000
D9999,BB7 4LH,BOX001/101/NPL/D9999/01/1000G,753.6610169,50.13333333,0
D9999,BB7 4LH,BOX001/101/NPL/D9999/12/1000G,753.6610169,50.13333333,4100
D9999,BB7 4LH,BOX001/101/NPL/D9999/16/950G,753.6610169,50.13333333,0
D9999,BB7 4LH,BOX001/101/YPL/D9999/04/950G,753.6610169,50.13,59250
D9999,BB7 4LH,BOX001/101/YPL/D9999/03/950G,753.6584746,50.13,0
D9999,BB7 4LH,BOX008/102/YPL/1000G/1000P,724.044722,37.6,0
D9999,BB7 4LH,BOX027/102/YPO/1000G/960P,704.7325424,39.16666667,9600
D9999,BB7 4LH,BOX050/102/YPB/1000G/1000P,702.6108864,37.6,14250
D9999,BB7 4LH,BOX001/101/NPL/D9999/04/1000G,680.675,50.13333333,59250
D9999,BB7 4LH,BOX001/102/YPL/1000G/1000P,626.9601966,33.57,411000
D9999,PL15 9PU,BOX001/101/NPL/D9999/15/1000G          ,813.1525424,93.0,0
D9999,PL15 9PU,BOX070/102/YPL/1100G/500P,1366.09322,139.5,1000
D9999,PL15 9PU,BOX070/102/YPB/1100G/500P,1262.707627,139.5,4600
D9999,PL15 9PU,BOX001/102/DWBH/1000G/540P,824.4610169,129.1666667,183400
D9999,PL15 9PU,BOX001/102/LPB/1250G/1000P,782.3423898,69.75,243000
D9999,PL15 9PU,BOX001/101/YPL/D9999/03/950G,755.5347458,93.0,7000
D9999,PL15 9PU,BOX001/101/NPL/D9999/01/1000G,755.5338983,93.0,700
D9999,PL15 9PU,BOX076/102/YPL/950G/1000P,699.7271186,69.75,0
D9999,PL15 9PU,BOX076/102/YPB/950G/1000P,696.2415254,69.75,0
D9999,PL15 9PU,BOX001/101/NPL/D9999/38/1000G,695.3183051,93.0,7500
D9999,PL15 9PU,BOX001/101/NPL/D9999/16/950G,687.6779661,93.0,0
D9999,PL15 9PU,BOX001/101/NPL/D9999/23/1000G,687.6737288,93.0,0
D9999,PL15 9PU,BOX001/101/NPL/D9999/34/1000G,678.8369492,93.0,0
D9999,PL15 9PU,BOX001/101/NPL/D9999/04/1000G,668.1478814,93.0,0
D9999,PL15 9PU,BOX001/102/YPL/1000G/1000P,665.1228814,69.75,289000
D9999,PL15 9PU,BOX054/102/NPL/GENPRT/01/800G,447.9830508,48.4375,5750
D9999,PL15 9PU,BOX054/102/NPB/900G/1440P,356.8644068,48.4375,4350
D0096,IP14 3JN,BOX005/102/NPB/1000G/1500P,534.87,15.27777778,0
D0096,IP14 3JN,BOX005/102/YPB/1000G/1500P,605.39,15.27777778,0
D0096,IP14 3JN,BOX024/102/NPB/750G/1800P,298.7,11.45833333,0
D0096,IP14 3JN,BOX024/102/NPL/750G/1800P,298.7,11.45833333,0
D0096,IP14 3JN,BOX041/102/NPL/900G/1500P,527.92,15.27777778,0
D0096,IP14 3JN,BOX041/102/NPL/D0096/01/900G,559.88,15.27777778,0
D0096,IP14 3JN,BOX041/102/NPL/D0096/02/900G,559.88,15.27777778,0
D0096,IP14 3JN,BOX041/102/NPL/D0096/03/900G,559.88,15.27777778,0
D0097,TW7 6DT,BOX011/101/NPB/800G/2000P,437.64,27.83333333,76400
D0097,TW7 6DT,BOX011/101/NPL/D0097/01/800G,452.22,27.83333333,16200
D0097,TW7 6DT,Box028 base,31.71889839,20.61728395,0
D0097,TW7 6DT,Box028 printed lid,31.71889839,20.61728395,0
D0106,PR4 0TT,BOX004/101/NPB/800G/3600P,253.15,3.675213675,0
D0106,PR4 0TT,BOX004/101/NPL/800G/3600P,253.15,3.675213675,0
D0106,PR4 0TT,BOX006/101/NPB/950G/1200P,603.51,11.02564103,7500
D0106,PR4 0TT,BOX006/101/NPL/700G/1200P,516.41,11.02564103,7500
D0106,PR4 0TT,BOX011/101/NPB/800G/1600P,329.68,8.269230769,195000
D0106,PR4 0TT,BOX011/101/NPL/800G/1600P,344.14,8.269230769,195000
D0106,PR4 0TT,BOXF500/101/DPB/850G/2240P,275.21,5.906593407,25000
D0106,PR4 0TT,BOXF500/101/DPL/700G/2240P,274.1,5.906593407,25000
D9999,nan,NEW size Coffin lid - Plain,0,0.0,5000
D9999,nan,NEW size Coffin lid - Print,0,0.0,5000
D9999,nan,NEW size Coffin lid - Plain,0,0.0,5000
D9999,nan,NEW size Coffin lid - Print,0,0.0,5000
D9999,nan,NEW size Coffin base,0,0.0,5000
D9999,MK44 3SB,NEW size Coffin lid - Plain,27.33333333,27.33333333,5000
D9999,MK44 3SB,NEW size Coffin lid - Print,27.33333333,27.33333333,5000
D9999,MK44 3SB,NEW size Coffin lid - Plain,27.33333333,27.33333333,5000
D9999,MK44 3SB,NEW size Coffin lid - Print,27.33333333,27.33333333,5000
D9999,MK44 3SB,NEW size Coffin base,27.33333333,27.33333333,5000
D9999,KA21 5JQ,NEW size Coffin lid - Plain,87.2,87.2,5000
D9999,KA21 5JQ,NEW size Coffin lid - Print,87.2,87.2,5000
D9999,KA21 5JQ,NEW size Coffin lid - Plain,87.2,87.2,5000
D9999,KA21 5JQ,NEW size Coffin lid - Print,87.2,87.2,5000
D9999,KA21 5JQ,NEW size Coffin base,87.2,87.2,5000
D0193,KA21 5JQ,NEW size Coffin lid - Plain,106.6666667,106.6666667,5000
D0193,KA21 5JQ,NEW size Coffin lid - Print,106.6666667,106.6666667,5000
D0193,KA21 5JQ,NEW size Coffin lid - Plain,106.6666667,106.6666667,5000
D0193,KA21 5JQ,NEW size Coffin lid - Print,106.6666667,106.6666667,5000
D0193,KA21 5JQ,NEW size Coffin base,106.6666667,106.6666667,5000
D9999,PR5 6AJ,NEW size Coffin lid - Plain,67,67.0,5000
D9999,PR5 6AJ,NEW size Coffin lid - Print,67,67.0,5000
D9999,PR5 6AJ,NEW size Coffin lid - Plain,67,67.0,5000
D9999,PR5 6AJ,NEW size Coffin lid - Print,67,67.0,5000
D9999,PR5 6AJ,NEW size Coffin base,67,67.0,5000
D9999,BB7 4LH,NEW size Coffin lid - Plain,39.083,39.083,5000
D9999,BB7 4LH,NEW size Coffin lid - Print,39.083,39.083,5000
D9999,BB7 4LH,NEW size Coffin lid - Plain,39.083,39.083,5000
D9999,BB7 4LH,NEW size Coffin lid - Print,39.083,39.083,5000
D9999,BB7 4LH,NEW size Coffin base,39.083,39.083,5000
D9999,PL15 9PU,NEW size Coffin lid - Plain,93,93.0,5000
D9999,PL15 9PU,NEW size Coffin lid - Print,93,93.0,5000
D9999,PL15 9PU,NEW size Coffin lid - Plain,93,93.0,5000
D9999,PL15 9PU,NEW size Coffin lid - Print,93,93.0,5000
D9999,PL15 9PU,NEW size Coffin base,93,93.0,5000
E0095,AB43 9TD,BoxF500 base,25.18315018,22.66483516,0
E0095,AB43 9TD,BoxF500 lid,25.18315018,22.66483516,0
E0095,AB43 9TD,Box046 900g base,66.36500754,59.72850679,83700
E0095,AB43 9TD,BoxF504 750g lid,66.36500754,59.72850679,0
E0095,AB43 9TD,Box74 base,58.76068376,52.88461538,0
E0095,AB43 9TD,Box 74 lid,58.76068376,52.88461538,0
E0095,AB43 9TD,BoxF500 base,25.18315018,22.66483516,0
E0095,AB43 9TD,BoxF500 lid,25.18315018,22.66483516,25200
E0095,AB43 9TD,Box046 900g base,66.36500754,59.72850679,0
E0095,AB43 9TD,BoxF504 750g lid,66.36500754,59.72850679,102600
E0095,AB43 9TD,Box74 base,58.76068376,52.88461538,0
E0095,AB43 9TD,Box 74 lid,58.76068376,52.88461538,0
E0095,AB43 9TD,Box088 102 DPB 850g 1800P,31.33903134,28.20512821,0
E0095,AB43 9TD,Box088 102 DPL 850G 1800P,31.33903134,28.20512821,0
F0019,NW5 3EZ,BOX001/101/LPB/1000G/1240P,836.49,14.44892473,1094200
F0019,NW5 3EZ,BOX001/101/YPL/1000G/1250P,837.93,14.33333333,211700
F0019,NW5 3EZ,BOX007/101/NPB/950G/1120P,524.55,15.99702381,211700
F0019,NW5 3EZ,BOX007/101/NPL/900G/1120P,560.05,15.99702381,122800
F0019,NW5 3EZ,BOX027/101/NPB/850G/1440P,363.94,12.44212963,16800
F0019,NW5 3EZ,BOX027/101/NPL/700G/1440P,352.56,12.44212963,0
F0019,NW5 3EZ,BOX036/101/YPO/900G/1320P,621.81,13.57323232,18000
F0019,NW5 3EZ,BOX037/101/YPB/1000G/1120P,697.66,15.99702381,0
F0019,NW5 3EZ,BOX038/101/YPB/900G/1120P,488.54,15.99702381,0
F0019,NW5 3EZ,BOX039/101/NPL/900G/1500P,460.79,11.94444444,0
F0019,NW5 3EZ,BOX001/101/LPB/1000G/1240P,763.28,0.0,1094200
F0019,NW5 3EZ,BOX001/101/YPL/1000G/1250P,763.72,0.0,211700
F0019,NW5 3EZ,Box001/102/YPB/100G/1120P,#REF!,0.0,211700
F0019,NW5 3EZ,BOX007/101/NPB/950G/1120P,449.34,0.0,211700
F0019,NW5 3EZ,BOX007/101/NPL/900G/1120P,483.84,0.0,122800
F0019,NW5 3EZ,BOX007/101/NPL/800G/1120P,#REF!,0.0,122800
F0019,NW5 3EZ,BOX027/101/NPB/850G/1440P,286.73,0.0,16800
F0019,NW5 3EZ,BOX027/101/NPL/700G/1440P,274.35,0.0,0
F0019,NW5 3EZ,BOX036/101/YPO/900G/1320P,542.6,0.0,18000
F0019,NW5 3EZ,BOX037/101/YPB/1000G/1120P,617.45,0.0,0
F0019,NW5 3EZ,BOX038/101/YPB/900G/1120P,407.33,0.0,0
F0019,NW5 3EZ,BOX039/101/NPL/900G/1500P,378.58,0.0,0
F0019,NW5 3EZ,Layer Card,58.33333333,46.66666667,10000
F0023,TR15 1SS,F500 102 LP Base,205.19,11.06770833,250000
F0023,TR15 1SS,F500 102 Lid,201.94,11.06770833,250000
F0023,TR15 1SS,F501 102 LP Base,311.55,12.2974537,710000
F0023,TR15 1SS,F501 102 Lid,267.45,12.2974537,710000
F0023,TR15 1SS,F502 102 LP Base,396.9,20.23809524,210000
F0023,TR15 1SS,F502 102 Lid,389.05,20.23809524,210000
F0098,BT47 6XT,BOX001/102/LPB/1000G/1120P,717.15,62.09677419,6500
F0098,BT47 6XT,BOX001/102/YPL/F0097/01/1000G,764.77,68.75,51800
F0098,BT47 6XT,BOX016/102/YPB/1000G/1080P,518.08,71.2962963,61600
F0098,BT47 6XT,BOX016/102/YPL/1000G/1080P,521.77,71.2962963,60500
F0098,BT47 6XT,BOX016/102/YPL/F0097/01/1000G,571.98,71.2962963,22700
F0101,BT47 6XT,BOX001/102/LPB/1000G/1120P,717.15,79.83870968,8600
F0101,BT47 6XT,BOX001/102/YPL/F0097/01/1000G,764.77,88.39285714,15100
F0101,BT47 6XT,BOX016/102/YPB/1000G/1080P,518.08,91.66666667,51500
F0101,BT47 6XT,BOX016/102/YPL/1000G/1080P,521.77,91.66666667,7800
F0101,BT47 6XT,BOX016/102/YPL/F0097/01/1000G,571.98,91.66666667,44200
F0105,GL14 2PH,BOX001/102/LPB/1000G/1120P,696.06,46.57258065,1500
F0105,GL14 2PH,BOX001/102/YPL/1000G/1120P,692.55,53.47222222,46300
F0105,GL14 2PH,BOX001/102/YPL/F0097/01/1000G,747.65,51.5625,6900
F0105,GL14 2PH,BOX016/102/YPB/1000G/1080P,498.16,53.47222222,7800
F0105,GL14 2PH,BOX016/102/YPL/1000G/1080P,505.72,53.47222222,7700
F0105,GL14 2PH,BOX016/102/YPL/F0097/01/1000G,550.32,53.47222222,7800
F0102,BT79 0BQ,BOX001/102/LPB/1000G/1120P,787,62.09677419,8600
F0102,BT79 0BQ,BOX001/102/YPL/F0097/01/1000G,868.92,68.75,22700
F0107,LE14 3PR,BOX001/102/LPB/1000G/1120P,685.97,41.12903226,2200
F0107,LE14 3PR,BOX001/102/YPL/F0097/01/1000G,731.27,45.53571429,24900
F0107,LE14 3PR,BOX016/102/YPB/1000G/1080P,490.61,47.22222222,0
F0107,LE14 3PR,BOX016/102/YPL/1000G/1080P,498.33,47.22222222,111600
F0107,LE14 3PR,BOX016/102/YPL/F0097/01/1000G,542.11,47.22222222,38900
F0104,BT79 0BQ,BOX001/102/LPB/1000G/1120P,728.18,62.09677419,5400
F0104,BT79 0BQ,BOX001/102/YPL/F0097/01/1000G,782.69,68.75,35100
F0104,BT79 0BQ,BOX016/102/YPB/1000G/1080P,530.83,71.2962963,362800
F0104,BT79 0BQ,BOX016/102/YPL/1000G/1080P,521.77,71.2962963,363500
F0104,BT79 0BQ,BOX016/102/YPL/F0097/01/1000G,585.82,71.2962963,653600
F0098,BT47 6XT,New Base,60.60606061,53.33333333,0
F0098,BT47 6XT,New Plain lid,60.60606061,53.33333333,0
F0098,BT47 6XT,New Printed lid,66.66666667,53.33333333,0
F0101,BT47 6XT,New Base,75.75757576,66.66666667,0
F0101,BT47 6XT,New Plain lid,75.75757576,66.66666667,0
F0101,BT47 6XT,New Printed lid,83.33333333,66.66666667,0
F0105,GL14 2PH,New Base,43.75,38.5,0
F0105,GL14 2PH,New Plain lid,43.75,38.5,0
F0105,GL14 2PH,New Printed lid,48.125,38.5,0
F0107,LE14 3PR,New Base,53.66161616,47.22222222,0
F0107,LE14 3PR,New Plain lid,53.66161616,47.22222222,0
F0107,LE14 3PR,New Printed lid,59.02777778,47.22222222,0
F0104,BT79 0BQ,New Base,84.17508418,74.07407407,0
F0104,BT79 0BQ,New Plain lid,84.17508418,74.07407407,0
F0104,BT79 0BQ,New Printed lid,92.59259259,74.07407407,0
F0114,CA10 1NB,BOX006/101/NPB/1050G/840P,465.07,12.77056277,197000
F0114,CA10 1NB,BOX006/101/NPL/800G/900P,412.22,11.91919192,168800
F0114,CA10 1NB,BOX011/101/NPB/800G/1600P,326.59,6.704545455,168800
F0114,CA10 1NB,BOX011/101/NPL/800G/1600P,310.63,6.704545455,210300
F0114,CA10 1NB,BOX014/101/NPB/1050G/1250P,533.57,8.581818182,47000
F0114,CA10 1NB,BOX014/101/NPL/800G/1240P,424.13,8.651026393,47000
G0026,PR1 5AJ,10kg Base - Plain,234.56,7.18,676000
G0026,PR1 5AJ,10kg Lid - Plain,236.45,7.18,676000
G0026,PR1 5AJ,20kg Base - Plain,431.06,9.56,3744000
G0026,PR1 5AJ,20kg Lid - Plain,371.74,9.56,3744000
G0026,PR1 5AJ,20kg Base - BOX005 stock box - full load,420,9.555555556,3744000
G0026,PR1 5AJ,20kg Lid - BOX005 stock box - full load,430,9.56,3744000
G0026,PR1 5AJ,20kg Base - BOX005 stock box -  ADHOC full load,420,9.555555556,3744000
G0026,PR1 5AJ,20kg Lid - BOX005 stock box - ADHOC full load,430,9.56,3744000
G0026,PR1 5AJ,10kg Base - BOX011 GAFOOR box,242,8.5,218400
G0026,PR1 5AJ,10kg Lid - BOX011 GAFOOR box,248,8.5,218400
G0026,PR1 5AJ,20kg Lid - BOX005 GAFOOR box - PRINTED,400,9.56,218400
G0026,PR1 5AJ,20kg Base - BOX005 GAFOOR box,415,9.56,936000
G0026,PR1 5AJ,20kg Lid - BOX005 GAFOOR box,375,9.56,936000
G0026,PR1 5AJ,20kg Base - BOX005 GAFOOR box,410,9.56,1872000
G0026,PR1 5AJ,20kg Lid - BOX005 GAFOOR box,370,9.56,1872000
G0026,PR1 5AJ,20kg Base - BOX005 GAFOOR box,405,9.56,2808000
G0026,PR1 5AJ,20kg Lid - BOX005 GAFOOR box,365,9.56,2808000
G0026,PR1 5AJ,20kg Base - BOX005 GAFOOR box,400,9.56,3744000
G0026,PR1 5AJ,20kg Lid - BOX005 GAFOOR box,360,9.56,3744000
G0026,PR1 5AJ,20kg Base - BOX005 GAFOOR box,395,9.56,4680000
G0026,PR1 5AJ,20kg Lid - BOX005 GAFOOR box,355,9.56,4680000
G0063,WN8 9TA,Box F501 base,35.62091503,30.27777778,1800
G0063,WN8 9TA,BoxF501 lid,35.62091503,30.27777778,1800
G0063,WN8 9TA,Box039 Printed lid,591.27,10.30769231,22000
G0063,WN8 9TA,Box039 base,520.46,10.30769231,22000
G0147,AB21 0BG,BOX001/101/LPB/1000G/1240P,690.04,42.58684864,67500
G0147,AB21 0BG,BOX001/101/YPL/1000G/1250P,685.29,42.24615385,67600
G0147,AB21 0BG,BOXF500/101/DPB/850G/2240P,226.27,23.57486264,71700
G0147,AB21 0BG,BOXF500/101/DPL/700G/2240P,216.96,23.57486264,71700
G0147,AB21 0BG,BOXF501/101/DPB/950G/1800P,337.01,29.33760684,74700
G0147,AB21 0BG,BOXF501/101/DPL/750G/1800P,275.16,29.33760684,88200
G0147,AB21 0BG,BOX001/101/LPB/1000G/1240P,50.10217486,42.58684864,67500
G0147,AB21 0BG,BOX001/101/YPL/1000G/1250P,49.70135747,42.24615385,67600
G0147,AB21 0BG,BOXF500/101/DPB/850G/2240P,27.73513251,23.57486264,71700
G0147,AB21 0BG,BOXF500/101/DPL/700G/2240P,27.73513251,23.57486264,71700
G0147,AB21 0BG,BOXF501/101/DPB/950G/1800P,34.51483157,29.33760684,74700
G0147,AB21 0BG,BOXF501/101/DPL/750G/1800P,34.51483157,29.33760684,88200
G0134,H18 AR26,BOX008/102/NPL/G0134/01/1000G,623.7711864,80.76923077,177800
G0134,H18 AR26,BOX045/102/NPB/900G/1800P,344.5,44.87179487,23800
G0134,H18 AR26,BOX045/102/YPB/900G/2400P,415.059322,33.65384615,229000
G0134,H18 AR26,BOX048/102/NPL/700G/2400P,289.8305085,33.65384615,14400
G0134,H18 AR26,BOX048/102/YPL/800G/2400P,361.0084746,33.65384615,15400
G0134,H18 AR26,BOX050/102/NPB/G0134/01/1250G,700.3559322,80.76923077,0
G0134,H18 AR26,BOX092/102/NPB/1250G/960P,847.5423729,84.13461538,0
G0134,H18 AR26,BOX092/102/NPL/G0134/01/1000G,844.2372881,84.13461538,0
G0134,H18 AR26,BOX086/102/NPB/1150G/1000P,51.13368984,47.81,35000
G0134,H18 AR26,BOX086/102/NPL/800G/1000P,51.13368984,47.81,35000
G0134,H18 AR26,BOX008/102/NPL/G0134/01/1000G - NEW PALLET HIEGHT,677.6219557,134.62,177800
G0134,H18 AR26,BOX045/102/NPB/900G/ - NEW PALLET HIEGHT,353.4782051,53.85,23800
G0134,H18 AR26,BOX045/102/YPB/900G/ - NEW PALLET HIEGHT,421.7954759,40.39,229000
G0134,H18 AR26,BOX048/102/NPL/700G/ - NEW PALLET HIEGHT,296.5666623,40.39,14400
G0134,H18 AR26,BOX048/102/YPL/800G/ - NEW PALLET HIEGHT,367.7446284,40.39,15400
G0134,H18 AR26,BOX050/102/NPB/G0134/01/  - NEW PALLET HIEGHT,754.2367014,134.65,0
G0134,H18 AR26,BOX092/102/NPB/1250G/960P,847.5423729,84.13461538,0
G0134,H18 AR26,BOX092/102/NPL/G0134/01/1000G,844.2372881,84.13461538,0
G0134,H18 AR26,BOX086/102/NPB/1150G/ - NEW PALLET HIEGHT,104.2836898,100.96,35000
G0134,H18 AR26,BOX086/102/NPL/800G/ - NEW PALLET HIEGHT,104.2836898,100.96,35000
G0134,H18 AR26,BOX008/102/NPL/G0134/01/1000G - NEW PALLET HIEGHT,135.979798,134.62,177800
G0134,H18 AR26,BOX045/102/NPB/900G/ - NEW PALLET HIEGHT,49.85754986,44.87179487,23800
G0134,H18 AR26,BOX045/102/YPB/900G/ - NEW PALLET HIEGHT,44.87777778,40.39,229000
G0134,H18 AR26,BOX048/102/NPL/700G/ - NEW PALLET HIEGHT,44.87777778,40.39,14400
G0134,H18 AR26,BOX048/102/YPL/800G/ - NEW PALLET HIEGHT,44.87777778,40.39,15400
G0134,H18 AR26,BOX050/102/NPB/G0134/01/  - NEW PALLET HIEGHT,136.010101,134.65,0
G0134,H18 AR26,BOX092/102/NPB/1250G/,93.48290598,84.13461538,0
G0134,H18 AR26,BOX092/102/NPL/G0134/01/,93.48290598,84.13461538,0
G0134,H18 AR26,BOX086/102/NPB/1150G/ - NEW PALLET HIEGHT,106.2736842,100.96,35000
G0134,H18 AR26,BOX086/102/NPL/800G/ - NEW PALLET HIEGHT,106.2736842,100.96,35000
G0155,CM7 5BA,Box093 102 Lid,738,21.73076923,10000
G0155,CM7 5BA,Box093 102 Base,1066,21.73076923,10000
H0025,LS27 8EX,BOX011/101/NPB/800G/2000P,321.66,13.91666667,48000
H0025,LS27 8EX,BOX011/101/NPL/800G/2000P,332.71,13.91666667,48000
H0028,LL52 0LJ,BOX001/101/NPBH/1000G/1000P,90.72580645,56.25,6000
H0028,LL52 0LJ,BOX001/101/NPLH/1000G/1000P,90.72580645,56.25,6000
H0028,LL52 0LJ,BOX027/101/NPB/850G/1620P,56.00358423,34.72222222,8100
H0028,LL52 0LJ,BOX027/101/NPL/700G/1620P,56.00358423,34.72222222,8100
H0028,LL52 0LJ,BOX001/101/NPBH/1000G/1000P,128.2258065,79.5,6000
H0028,LL52 0LJ,BOX001/101/NPLH/1000G/1000P,128.2258065,79.5,6000
H0028,LL52 0LJ,BOX027/101/NPB/850G/1620P,79.15173238,49.07407407,8100
H0028,LL52 0LJ,BOX027/101/NPL/700G/1620P,79.15173238,49.07407407,8100
H0028,nan,BOX001/101/NPBH/1000G/1000P,48.72580645,0.0,6000
H0028,nan,BOX001/101/NPLH/1000G/1000P,48.72580645,0.0,6000
H0028,nan,BOX027/101/NPB/850G/1620P,30.0776583,0.0,8100
H0028,nan,BOX027/101/NPL/700G/1620P,30.0776583,0.0,8100
H0063,BT61 8QB,BOX001/102/DWB/1000G/540P,68.82094943,65.37990196,390000
H0063,BT61 8QB,BOX001/102/LPB/1000G/1120P,41.78414787,39.69494048,104000
H0063,BT61 8QB,BOX001/1002/NPL/H0063/01/850G,46.79824561,44.45833333,234000
H0063,BT61 8QB,BOX001/102/YPL/1000G/1120P,41.78414787,39.69494048,104000
H0063,BT61 8QB,BOX060/102/NPL/H0063/01/850G,38.99853801,37.04861111,156000
H0063,BT61 8QB,BOX076/103/NPB/1100G/1000P,48.74817251,46.31076389,52000
H0063,BT61 8QB,BOX076/103/NPL/H0063/01/1000G,46.79824561,44.45833333,52000
H0063,BT61 8QB,BOX079/102/YPB/1250G/750P,62.39766082,59.27777778,0
H0073,SY13 1LJ,BOX014/101/NPB/1000G/1250P,494.31,16.43333333,65700
H0073,SY13 1LJ,BOX014/101/NPL/800G/1240P,445.56,16.56586022,24200
H0073,SY13 1LJ,BOX052/101/NPL/H0073/01/800G,460.93,16.56586022,25700
H0073,SY13 1LJ,BOX052/102/NPL/H0073/01/850G,696.73,24.83870968,1320500
H0073,SY13 1LJ,BOX053/101/NPB/1000G/2450P,375.72,10.06122449,1320500
H0073,SY13 1LJ,BOX053/101/NPL/H0073/01/2450P,10.613106,8.384353741,197000
H0073,SY13 1LJ,New Poly Base Box014,20.72299285,16.43333333,50000
M0104,HX4 9ED,BOX001/101/NPBH/1000G/1000P,601.69,30.25,50000
M0104,HX4 9ED,BOX001/101/NPLH/1000G/1000P,689.32,30.25,50000
M0104,HX4 9ED,BOX004/101/NPB/800G/3600P,364.92,8.402777778,2500
M0104,HX4 9ED,BOX004/101/NPL/800G/3600P,407.84,8.402777778,2500
M0104,HX4 9ED,BOX027/101/NPB/850G/1620P,368.86,18.67283951,21000
M0104,HX4 9ED,BOX027/101/NPL/700G/1620P,365,18.67283951,21000
M0104,S44 5FB,BOX001/101/NPBH/1000G/1000P,601.69,52.0,50000
M0104,S44 5FB,BOX001/101/NPLH/1000G/1000P,689.32,52.0,50000
M0104,S44 5FB,BOX004/101/NPB/800G/3600P,364.92,14.44,2500
M0104,S44 5FB,BOX004/101/NPL/800G/3600P,407.84,14.44,2500
M0104,S44 5FB,BOX027/101/NPB/850G/1620P,368.86,32.1,21000
M0104,S44 5FB,BOX027/101/NPL/700G/1620P,365,32.1,21000
I0030,SA62 4BW,Box001 102 YPL Print - EXWORKS,0,0.0,0
I0030,SA62 4BW,Box054 102 NPL Print - EXWORKS,0,0.0,0
I0030,SA62 4BW,Box054 102 NPB - EXWORKS,0,0.0,0
I0030,SA62 4BW,Box001 102 YPL Print - EXWORKS Net including rebate,762.6455404,0.0,0
I0030,SA62 4BW,Box054 102 NPL Print - EXWORKS Net including rebate,398.7361329,0.0,0
I0018,M17 1PF,BOX001/101/NPB/1050G/1000P,1058.24,54.5,67000
I0018,M17 1PF,BOX001/101/NPL/1000G/1000P,1058.24,54.5,67000
I0018,M17 1PF,BOX002/101/YPO/900G/1232P,1993.09,44.23701299,11600
I0018,M17 1PF,BOX004/101/NPB/800G/3600P,417.63,15.13888889,7200
I0018,M17 1PF,BOX004/101/NPL/800G/3600P,417.63,15.13888889,7200
I0018,M17 1PF,BOX001/101/NPB/1050G/1000P,99.09090909,54.5,67000
I0018,M17 1PF,BOX001/101/NPL/1000G/1000P,99.09090909,54.5,67000
I0018,M17 1PF,BOX002/101/YPO/900G/1232P,80.4309327,44.23701299,11600
I0018,M17 1PF,BOX004/101/NPB/800G/3600P,27.52525253,15.13888889,7200
I0018,M17 1PF,BOX004/101/NPL/800G/3600P,27.52525253,15.13888889,7200
I0039,NN17 5QW,BOX001/102/NPL/1250G/600P,947.88,0.0,0
I0039,NN17 5QW,BOX001/102/YPB/1250G/1000P,858.2,0.0,0
I0039,NN17 5QW,BOX001/102/YPL/1250G/1000P,947.88,0.0,0
J0024,IP6 0HX,Base - Plain,457,31.58,250000
J0024,IP6 0HX,Lid - Plain,413,31.58,250000
J0030,IP6 0NX,Box006 102 base,432.64,9.461538462,200000
J0030,IP6 0NX,Box006 102 lid,440.19,9.461538462,200000
J0093,EC1A 9PS,BOX001/102/LPB/1000G/1120P,744.79,53.57142857,10000
J0093,EC1A 9PS,BOX001/102/YPL/1000G/1120P,730.62,53.57142857,10000
J0093,EC1A 9PS,Box001 102 std poly base,710.61,53.57142857,10000
J0093,EC1A 9PS,Box001 102 no poly base,667.09,53.57142857,10000
J0093,EC1A 9PS,Box001 102 no poly lid,671.75,53.57142857,10000
J0070,PA3 4HP,BOX001/102/YPB/1000G/1120P,692.52,50.14880952,0
J0070,PA3 4HP,BOX001/102/YPB/1000G/600P,1006.34,93.61111111,0
J0070,PA3 4HP,BOX001/102/YPL/1000G/1120P,728.11,50.14880952,0
J0070,PA3 4HP,BOX001/102/YPL/J0070/01/1250G,861.81,56.16666667,0
J0070,PA3 4HP,BOX027/102/YPO/1000G/960P,913.44,58.50694444,0
L0024,LA12 7TW,BOX001/101/NPB/1050G/1000P,596.42,79.0,56000
L0024,LA12 7TW,BOX001/101/YPL/L0024/01/1000G,879.16,79.0,23100
L0024,LA12 7TW,BOX016/102/YPB/1000G/1080P,616.48,73.14814815,7500
L0024,LA12 7TW,BOX016/102/YPL/1000G/1080P,759.4,73.14814815,7400
L0155,CT4 6UD,Box001 base,114,85.5,0
L0155,CT4 6UD,Box001 lid,114,85.5,0
L0155,CT4 6UD,Box001 base - Mixed pallet,122.1428571,85.5,0
L0155,CT4 6UD,Box001 lid - Mixed pallet,122.1428571,85.5,0
M0170,BD8 0HR,Box014 850gsm base - trial order,42.03323558,34.67741935,2500
M0170,BD8 0HR,Box014 1150gsm base - trial order,41.6969697,34.4,2500
M0170,BD8 0HR,Box014 800gsm lid - trail order,42.03323558,34.67741935,2500
M0115,PH26 3NB,BOX001/101/YPB/1000G/1250P,856.55,88.53333333,2500
M0115,PH26 3NB,BOX001/101/YPB/1250G/1000P,918.13,110.6666667,0
M0115,PH26 3NB,BOX001/101/YPL/1000G/1000P,809.62,110.6666667,2500
M0115,PH26 3NB,BOX001/101/YPL/1000G/1250P,809.62,88.53333333,0
M0115,PH26 3NB,BOX001/101/YPL/M0115/02/1000G,1050.37,98.80952381,0
M0115,PH26 3NB,BOX001/102/YPB/1000G/600P,1145.14,184.4444444,9000
M0115,PH26 3NB,BOX001/102/YPL/M0115/01/1000G,1050.37,98.80952381,0
M0115,PH26 3NB,BOX001/102/YPL/M0115/02/1000G,1050.37,98.80952381,0
M0115,PH26 3NB,BOX016/102/NPL/M0115/01/1000G,894.41,98.81,0
M0115,PH26 3NB,BOX016/102/YPB/1000G/1080P,590,102.4691358,5400
M0115,PH26 3NB,BOX016/102/YPL/1000G/1080P,610,102.4691358,5400
M0115,PH26 3NB,BOX056/102/YPB/1100G/540P,1192.49,204.9382716,700
W0075,BB12 7BF,Box001 MC Euro poly lid  print - 10k (5k sheets),26.73333333,20.05,10000
W0075,BB12 7BF,Box001 MC Euro poly lid  print - 5k (2.5k sheets),984.94,20.05,5000
W0075,BB12 7BF,Box001 MC Euro poly lid  print - 2.5k (1.25k sheets),1378.91,20.05,2500
W0075,BB12 7BF,Box001 NP base,22.78409091,20.05,2500
W0075,BB12 7BF,Box061 MC Half  Euro poly lid  print - 10k (5k sheets),621.44,11.54401154,10000
W0075,BB12 7BF,Box061 MC Half Euro poly lid  print - 5k (2.5k sheets),818.42,11.54401154,5000
W0075,BB12 7BF,Box061 MC Half Euro lid base  print - 2.5k (1.25k sheets),1212.42,11.54401154,2500
W0075,BB12 7BF,Box061 MC Half Euro lid base  print - 1k (0.5k sheets) - supply 500 lids,3637.26,11.54401154,1000
W0075,BB12 7BF,Box061 poly base,425.09,11.54401154,2500
W0075,BB12 7BF,BOX001/101/LPB/1250G/1000P,880.42,54.5,0
W0075,BB12 7BF,BOX001/101/YPL/1000G/1000P,673.35,54.5,13000
W0075,BB12 7BF,BOX001/101/YPL/B0182/03/950G,784.26,72.66666667,0
W0075,BB12 7BF,BOX001/101/YPL/G0101/05/950G,784.26,72.66666667,0
W0075,BB12 7BF,BOX001/101/YPL/W0075/01/950G,784.26,72.66666667,1500
W0075,BB12 7BF,BOX001/101/YPL/W0075/02/950G,784.26,72.66666667,3000
W0075,BB12 7BF,BOX001/101/YPL/W0075/03/950G,784.26,72.66666667,28500
W0075,BB12 7BF,BOX001/101/YPL/W0075/05/950G,784.26,72.66666667,0
W0075,BB12 7BF,BOX001/101/YPL/W0075/06/950G,784.26,72.66666667,0
W0075,BB12 7BF,BOX001/102/LPB/1100G/1080P,799.48,50.46296296,65000
W0075,BB12 7BF,BOX001/102/YPL/1000G/1000P,673.35,54.5,31000
W0075,BB12 7BF,BOX016/101/LPB/900G/1485P,426.93,36.04497354,15000
W0075,BB12 7BF,BOX016/101/YPL/900G/1485P,459.2,36.7003367,0
W0075,BB12 7BF,BOX050/102/YPB/1100G/800P,990.86,68.125,0
W0075,BB12 7BF,BOX061/101/YPL/B0182/01/900G,609.68,72.66666667,0
W0075,BB12 7BF,BOX061/101/YPL/W0075/02/900G,609.68,72.66666667,15000
W0075,BB12 7BF,BOX061/103/YPL/W0075/01/900G,609.68,72.66666667,1500
W0075,BB12 7BF,BOX070/102/YPB/1100G/500P,1345.13,109.0,0
W0075,BB12 7BF,BOX070/103/YPL/1100G/500P,1432.7,109.0,0
W0075,BB12 7BF,BOX076/101/NPL/W0075/02/1000G,630.23,54.5,0
W0075,BB12 7BF,BOX076/102/YPB/1000G/1000P(2),555.86,54.5,0
W0075,BB12 7BF,BOX001/101/LPB/1250G/1000P,880.42,54.5,0
W0075,BB12 7BF,BOX001/101/YPL/1000G/1000P,673.35,54.5,24000
W0075,BB12 7BF,BOX001/101/YPL/B0182/03/950G,784.26,72.66666667,35300
W0075,BB12 7BF,BOX001/101/YPL/G0101/05/950G,784.26,72.66666667,9000
W0075,BB12 7BF,BOX001/101/YPL/W0075/01/950G,784.26,72.66666667,2300
W0075,BB12 7BF,BOX001/101/YPL/W0075/02/950G,784.26,72.66666667,0
W0075,BB12 7BF,BOX001/101/YPL/W0075/03/950G,784.26,72.66666667,30600
W0075,BB12 7BF,BOX001/101/YPL/W0075/05/950G,784.26,72.66666667,0
W0075,BB12 7BF,BOX001/101/YPL/W0075/06/950G,784.26,72.66666667,0
W0075,BB12 7BF,BOX001/102/LPB/1100G/1080P,799.48,50.46296296,23800
W0075,BB12 7BF,BOX001/102/YPL/1000G/1000P,673.35,54.5,84200
W0075,BB12 7BF,BOX016/101/LPB/900G/1485P,426.93,36.04497354,22700
W0075,BB12 7BF,BOX016/101/YPL/900G/1485P,459.2,36.7003367,7400
W0075,BB12 7BF,BOX050/102/YPB/1100G/800P,990.86,68.125,0
W0075,BB12 7BF,BOX061/101/YPL/B0182/01/900G,609.68,72.66666667,0
W0075,BB12 7BF,BOX061/101/YPL/W0075/02/900G,609.68,72.66666667,18000
W0075,BB12 7BF,BOX061/103/YPL/W0075/01/900G,609.68,72.66666667,0
W0075,BB12 7BF,BOX070/102/YPB/1100G/500P,1345.13,109.0,10600
W0075,BB12 7BF,BOX070/103/YPL/1100G/500P,1432.7,109.0,0
W0075,BB12 7BF,BOX076/101/NPL/W0075/02/1000G,630.23,54.5,0
W0075,BB12 7BF,BOX076/102/YPB/1000G/1000P(2),555.86,54.5,0
M0177,NW6 2DS,Box070 102 YPB 1100g 500p,194.6666667,146.0,0
M0177,NW6 2DS,Box070 103 YPL 1100G 500P,194.6666667,146.0,0
M0177,NW6 2DS,Box001 102 YPB 100G 1120P,86.90666667,65.18,0
M0177,NW6 2DS,Box001 102 YPL 1000G 1120P,86.90666667,65.18,0
N0074,WA3 3AP,BoxF502 Base,50.44642857,40.35714286,2500
N0074,WA3 3AP,BoxF502 Lid,50.44642857,40.35714286,2500
N0074,WA3 3AP,Bespoke - Base,57.94871795,37.66666667,32000
N0074,WA3 3AP,Bespoke - lid,57.94871795,37.66666667,32000
N0074,WA3 3AP,Box025 101 base,71.52777778,57.22222222,5000
N0074,WA3 3AP,Box025 101 lid,71.52777778,57.22222222,5000
N0037,DN21 1QH,R1 Base - Plain,401.32,12.98,500000
N0037,DN21 1QH,R1 Lid - Print,463.47,9.01,500000
N0037,DN21 1QH,Box048 Base - Plain,244.36,9.01,250000
N0037,DN21 1QH,Box048 lid - Print,276.3,9.01,250000
N0040,AB12 3AN,Box046 LP Base,66.91176471,53.52941176,25000
N0040,AB12 3AN,Box046 LP Lid,37.91666667,30.33333333,25000
N0072,PE6 8LD,Bespoke base 7500,30.625,12.25,7500
N0072,PE6 8LD,Bespoke lid 7500,30.625,12.25,7500
N0072,PE6 8LD,Bespoke base 13000,21.44444444,9.65,13000
N0072,PE6 8LD,Bespoke lid 13000,21.44444444,9.65,13000
N0072,PE6 8LD,Bespoke base 7500 - recost,30.625,12.25,7500
N0072,PE6 8LD,Bespoke lid 7500 - recost,30.625,12.25,7500
O0042,RG18 9XX,Box023 base,54.16666667,43.33333333,12000
O0042,RG18 9XX,Bo023 lid,54.16666667,43.33333333,12000
O0042,RG18 9XX,Box F501base,45.1375,36.11,0
O0042,RG18 9XX,Box F501lid,45.1375,36.11,0
Retail or Wholesale?,PL26 8LX,DWB Base 102,70.48319328,47.92857143,2500
Retail or Wholesale?,PL26 8LX,Lid 102,70.48319328,47.92857143,2500
Retail or Wholesale?,PL26 8LX,BOXF501/101/DPB/950G/1800P,51.96078431,44.16666667,3600
Retail or Wholesale?,PL26 8LX,BOXF501/101/DPL/750G/1800P,51.96078431,44.16666667,3600
Retail or Wholesale?,PL26 8LX,BOXF502/101/DPB/950G/1400P,66.80672269,56.78571429,36000
Retail or Wholesale?,PL26 8LX,BOXF502/101/DPL/750G/1400P,66.80672269,56.78571429,36000
Retail or Wholesale?,PL26 8LX,BOXF501/101/DPB/950G/1800P,50.18939394,44.16666667,3600
Retail or Wholesale?,PL26 8LX,BOXF501/101/DPL/750G/1800P,50.18939394,44.16666667,3600
Retail or Wholesale?,PL26 8LX,BOXF502/101/DPB/950G/1400P,64.52922078,56.78571429,36000
Retail or Wholesale?,PL26 8LX,BOXF502/101/DPL/750G/1400P,64.52922078,56.78571429,36000
Retail or Wholesale?,PL26 8LX,BOXF501/101/DPB/950G/1800P,277.41,44.16666667,3600
Retail or Wholesale?,PL26 8LX,BOXF501/101/DPL/750G/1800P,245.69,44.16666667,3600
Retail or Wholesale?,PL26 8LX,BOXF502/101/DPB/950G/1400P,572.72,56.78571429,36000
Retail or Wholesale?,PL26 8LX,BOXF502/101/DPL/750G/1400P,443.38,56.78571429,36000
O0033,B11 2NT,Box005 Base,564,31.0,20000
O0033,B11 2NT,Box005 Lid,571,31.0,20000
O0033,B11 2NT,Box005 Base,516,31.0,156000
O0033,B11 2NT,Box005 Lid,523,31.0,156000
P0003,PL15 7JL,Box027 102,80.72916667,64.58333333,0
P0172,NR16 2QN,BOX007/102/NPB/900G/1400P,516.25,14.46428571,27000
P0172,NR16 2QN,BOX010/102/NPL/800G/1400P,517.1,14.46428571,27000
M0146,BT42 3HA,BOX018/102/LPB/900G/2000P,354.93,7.15,80000
M0146,BT42 3HA,BOX048/102/YPL/M0146/01/800G,431.02,7.15,80000
M0146,BT42 3HA,BOX094/102/LPB/1000G/1800P,506.59,7.944444444,70000
M0146,BT42 3HA,BOX094/102/YPL/M0146/01/800G,552.62,7.15,70000
M0146,BT42 3HA,BOX018/102/LPB/900G/2000P,354.93,22.8125,80000
M0146,BT42 3HA,BOX048/102/YPL/M0146/01/800G,431.02,13.75,80000
M0146,BT42 3HA,BOX094/102/LPB/1000G/1800P,506.59,25.34722222,70000
M0146,BT42 3HA,BOX094/102/YPL/M0146/01/800G,552.62,13.75,70000
M0146,BT42 3HA,BOX018/102/LPB/900G/2000P,74.17333333,55.63,80000
M0146,BT42 3HA,BOX048/102/YPL/M0146/01/800G,88.3015873,55.63,80000
P0073,BS37 8QZ,BOX001/102/NPB/1000G/650P,627.99,74.35897436,0
P0073,BS37 8QZ,BOX007/102/NPB/900G/1400P,508.21,34.52380952,0
P0073,BS37 8QZ,BOX010/102/NPL/800G/1400P,568.04,34.52380952,0
P0073,BS37 8QZ,BOX016/102/NPB/900G/1350P,422.63,34.52380952,13500
P0073,BS37 8QZ,BOX016/102/NPL/900G/1350P,474.23,34.52380952,13500
P0073,BS37 8QZ,BOX001/102/NPB/1000G/650P,627.99,45.64102564,0
P0073,BS37 8QZ,BOX007/102/NPB/900G/1400P,508.21,21.19047619,0
P0073,BS37 8QZ,BOX010/102/NPL/800G/1400P,568.04,21.19047619,0
P0073,BS37 8QZ,BOX016/102/NPB/900G/1350P,422.63,21.19047619,13500
P0073,BS37 8QZ,BOX016/102/NPL/900G/1350P,474.23,21.19047619,13500
P0174,EC1A 9PS,BOX001/102/LPB/1000G/1120P,744.79,53.57142857,10000
P0174,EC1A 9PS,BOX001/102/YPL/1000G/1120P,730.62,53.57142857,10000
P0174,EC1A 9PS,Box001 102 std poly base,710.61,53.57142857,10000
P0174,EC1A 9PS,Box001 102 no poly base,667.09,53.57142857,10000
P0174,EC1A 9PS,Box001 102 no poly lid,671.75,53.57142857,10000
P0148,B12 0UL,Box021 lid,575.33,39.66666667,165000
P0148,B12 0UL,Box021 base,585.81,39.66666667,165000
R0014,S030 2PA,BOX001/101/NPBH/1000G/1000P,702.57,48.33333333,0
R0014,S030 2PA,BOX001/101/NPLH/1000G/1000P,780.08,48.33333333,0
R0014,S030 2PA,BOX005/101/NPB/1000G/1500P,522.65,32.22222222,4000
R0014,S030 2PA,BOX005/101/NPL/900G/1500P,559.2,32.22222222,14800
R0014,S030 2PA,BOX005/101/NPL/R0014/01/900G,638.2,32.22222222,14800
R0014,S030 2PA,BOX024/101/NPL/R0014/01/750G,489.85,24.16666667,10000
R0014,S030 2PA,BOX029/101/NPB/800G/1850P,410.23,26.12612613,104800
R0014,S030 2PA,BOX029/101/NPL/800G/1850P,428.47,26.12612613,104800
R0014,S030 2PA,BOX029/101/NPL/R0014/01/800G,500.63,26.12612613,230000
R0026,BD4 7EZ,BOX001/101/LPB/1250G/1000P,843.13,43.0,150000
R0026,BD4 7EZ,BOX001/101/YPL/R0026/01/950G,756.86,34.4,150000
R0026,BD4 7EZ,BOX054/102/NPB/900G/1440P,508.13,29.86111111,15000
R0026,BD4 7EZ,BOX054/102/NPL/GENPRT/01/800G,583.52,29.86111111,15000
R0038,WS2 7DQ,BOX001/101/LPB/1000G/1240P,965.29,44.05241935,5000
R0038,WS2 7DQ,BOX001/101/NPB/1050G/1000P,933.46,54.625,17800
R0038,WS2 7DQ,BOX001/101/NPL/1000G/1000P,922.84,54.625,0
R0038,WS2 7DQ,BOX001/101/YPL/1000G/1250P,944.05,43.7,150000
R0038,WS2 7DQ,BOX001/101/YPL/R0038/01/1000G,965.29,43.7,44800
R0038,WS2 7DQ,BOX002/101/YPO/900G/1232P,1272.9,44.33847403,88000
R0038,WS2 7DQ,BOX018/101/NPB/1050G/1500P,594.04,36.41666667,16000
R0038,WS2 7DQ,BOX018/101/NPL/900G/1500P,594.04,36.41666667,164000
R0038,WS2 7DQ,BOX018/101/NPL/R0038/01/900G,593.94,36.41666667,177500
R0038,WS2 7DQ,BOX018/101/NPL/R0038/02/900G,611.47,36.41666667,37500
R0038,WS2 7DQ,BOX001/101/NPB/1050G/1000P,833.46,54.625,17800
R0038,WS2 7DQ,BOX001/101/NPL/1000G/1000P,822.84,54.625,0
R0038,WS2 7DQ,BOX001/101/LPB/1000G/1240P,28.61290323,17.74,5000
R0038,WS2 7DQ,BOX001/101/NPB/1050G/1000P,35.48387097,22.0,17800
R0038,WS2 7DQ,BOX001/101/NPL/1000G/1000P,32.8358209,22.0,0
R0038,WS2 7DQ,BOX001/101/YPL/1000G/1250P,28.38709677,17.6,150000
R0038,WS2 7DQ,BOX001/101/YPL/R0038/01/1000G,965.29,17.6,44800
R0038,WS2 7DQ,BOX002/101/YPO/900G/1232P,28.80645161,17.86,88000
R0038,WS2 7DQ,BOX018/101/NPB/1050G/1500P,23.67741935,14.68,16000
R0038,WS2 7DQ,BOX018/101/NPL/900G/1500P,23.67741935,14.68,164000
R0038,WS2 7DQ,BOX018/101/NPL/R0038/01/900G,23.67741935,14.68,177500
R0038,WS2 7DQ,BOX018/101/NPL/R0038/02/900G,23.67741935,14.68,37500
R0015,OX26 4FL,Box027 102 6pt,88.19444444,66.14583333,0
S0007,DL14 9HT,BOX001/101/YPB/1000G/1000P,667.4,46.41666667,55000
S0007,DL14 9HT,BOX001/101/YPL/1000G/1000P,726.52,46.41666667,55000
S0025,HD2 1YF,1/2 stone Base - Plain,248,19.19642857,20000
S0025,HD2 1YF,1/2 stone Lid - Plain,242,19.19642857,20000
S0025,HD2 1YF,1 stone Base - Plain,309,23.88888889,20000
S0025,HD2 1YF,1 stone Lid - Plain,301,23.88888889,20000
S0025,HD2 1YF,2 stone Base - Plain,524,30.71428571,10000
S0025,HD2 1YF,2 stone Lid - Plain,457,30.71428571,10000
S0353,BL3 6SX,Box029 base,360.25,27.16216216,10000
S0353,BL3 6SX,Box029 lid,381.31,27.16216216,10000
S0353,BL3 6SX,Box029 NEW PRINT,36.21621622,27.16216216,10000
S0353,BL3 6SX,Box029 NEW PRINT - 100k MOQ,33.9527027,27.16216216,10000
S0097,G75 0XS,Box016 LP base,575.09,49.83164983,12000
S0097,G75 0XS,Box016 LP lid,617.16,49.83164983,12000
S0097,G75 0XS,Box001 LP base,1136.3,74.0,8000
S0097,G75 0XS,Box001 Poly lid,943.85,74.0,8000
S0097,G75 0XS,Box016 LP base,575.09,49.83164983,12000
S0097,G75 0XS,Box016 LP lid,617.16,49.83164983,12000
S0097,G75 0XS,Box001 LP base,92.5,74.0,8000
S0097,G75 0XS,Box001 Poly lid,92.5,74.0,8000
S0157,H18 FK10,BOX001/102/LPB/1000G/1120P,55.84273183,53.05059524,5000
S0157,H18 FK10,BOX001/102/YPL/1000G/1120P,55.84273183,53.05059524,5000
S0157,H18 FK10,BOX006/102/NPB/1000G/1200P,52.11988304,49.51388889,250000
S0157,H18 FK10,BOX006/102/NPB/900G/1500P,41.69590643,39.61111111,5000
S0157,H18 FK10,BOX006/102/NPL/800G/1500P,41.69590643,39.61111111,250000
S0157,H18 FK10,BOX010/102/NPL/750G/1200P,52.11988304,49.51388889,250000
S0157,H18 FK10,BOX010/102/NPL/S0157/02/750G,58.25163399,49.51388889,250000
S0182,M17 1QA,BOX001/101/NPBH/1000G/1000P,568.22,54.5,0
S0182,M17 1QA,BOX001/101/NPLH/1000G/1000P,648.49,54.5,0
S0182,M17 1QA,BOX025/101/LPB/900G/900P,573.11,60.55555556,3600
S0182,M17 1QA,BOX025/101/YPL/900G/900P,621.74,60.55555556,3600
S0182,M17 1QA,BOX031/101/NPB/1000G/1750P,603.14,31.14285714,120000
S0182,M17 1QA,BOX031/101/NPL/S0183/01/800G,546.49,31.14285714,120000
S0275,WF15 6PR,BOX001/101/LPB/1250G/1000P,973.36,27.83333333,67500
S0275,WF15 6PR,BOX001/101/YPL/S0275/01/1000G,972.68,22.26666667,68800
S0275,WF15 6PR,BOX001/101/YPL/S0275/02/1000G,956.68,22.26666667,10000
S0275,WF15 6PR,BOX001/101/YPL/S0275/03/1000G,996.68,22.26666667,10000
S0275,WF15 6PR,BOX001/101/YPL/S0275/04/1000G,972.68,22.26666667,3822
S0275,WF15 6PR,BOX001/101/YPL/S0275/01/900G,#REF!,22.26666667,68800
S0275,WF15 6PR,BOX001/101/YPL/S0275/02/900G,#REF!,22.26666667,10000
S0275,WF15 6PR,BOX001/101/YPL/S0275/03/900G,#REF!,22.26666667,10000
S0275,WF15 6PR,BOX001/101/YPL/S0275/04/900G,#REF!,22.26666667,3822
S0282,DG16 5BW,Box011 101 base,417,39.25,20000
S0282,DG16 5BW,Box011 101 lid,436,39.25,20000
P0165,OX26 2FL,BoxF501 base 750gsm,31.94444444,27.15277778,9000
P0165,OX26 2FL,BoxF501 lid 750gsm,31.94444444,27.15277778,9000
P0165,OX26 2FL,BoxF502 base,41.07142857,34.91071429,11200
P0165,OX26 2FL,BoxF502 lid,41.07142857,34.91071429,11200
P0165,OX26 2FL,Box large Base,57.5,48.875,39000
P0165,OX26 2FL,Box large lid,500.337564,48.875,39000
P0165,OX26 2FL,F501 LP base 750gsm,316.3497344,27.15277778,39000
P0165,OX26 2FL,F501LP lid 750gsm,318.5500876,27.15277778,39000
P0165,OX26 2FL,F502 LP Base,547.4649466,34.91071429,39000
P0165,OX26 2FL,F502 LP lid,477.563053,34.91071429,39000
P0165,OX26 2FL,Large LP base - new,472.135992,48.875,39000
P0165,OX26 2FL,Large LP lid - new,500.337564,48.875,39000
P0165,OX26 2FL,F501 LP base 750gsm,28.58187135,27.15277778,39000
P0165,OX26 2FL,F501LP lid 750gsm,28.58187135,27.15277778,39000
P0165,OX26 2FL,F502 LP Base,36.7481203,34.91071429,39000
P0165,OX26 2FL,F502 LP lid,436.48,34.91071429,39000
P0165,OX26 2FL,Large LP base - new,431.52,48.875,39000
P0165,OX26 2FL,Large LP lid - new,457.3,48.875,39000
P0165,OX26 2FL,BOX001/101/LPB/1000G/1240P,732.31,18.31317204,122800
P0165,OX26 2FL,BOX001/101/YPL/1000G/1250P,723.56,18.16666667,129300
P0165,OX26 2FL,BOX001/101/NPBH/1000G/1000P,587.34,20.96153846,0
P0165,OX26 2FL,BOX001/101/NPLH/1000G/1000P,651.58,20.96153846,0
T0089,DL14 0AQ,BOX001/102/LPB/1250G/1000P,967.35,40.8,5000
T0089,DL14 0AQ,BOX001/102/YPB/1250G/1000P,849.88,40.8,14000
T0089,DL14 0AQ,BOX001/102/YPL/1000G/1000P,768.59,40.8,17000
T0089,DL14 0AQ,BOX001/102/YPL/T0089/01/1000G,770.24,40.8,46500
T0089,DL14 0AQ,BOX027/102/YPO/1000G/960P,906.06,42.5,1000
T0105,BT40 2SH,DLS Base - Plain,850.55,96.65,20000
T0150,NR16 2JZ,Box011 101 base 700gsm,28.43137255,24.16666667,78000
T0150,NR16 2JZ,Box011 101 lid 700gsm,28.43137255,24.16666667,78000
T0150,NR16 2JZ,Box 001 101 NP base 900gsm,56.8627451,48.33333333,62400
T0150,NR16 2JZ,Box 001 101 NP lid 900gsm,56.8627451,48.33333333,62400
T0150,NR16 2JZ,Turkey base,18.08823529,15.375,180000
T0150,NR16 2JZ,Turkey lid,18.08823529,15.375,180000
T0150,NR16 2JZ,Printed Lid - Poly Euro - 10k,58.07407407,43.55555556,10000
T0150,NR16 2JZ,Printed Lid - Poly Euro - 5k - ONLY IF WE SECURE ALL BUSINESS,1004.66,43.55555556,5000
T0076,LL57 4YH,BoxF502 Base,617.34,61.07142857,66200
T0076,LL57 4YH,BoxF502 Lid,544.77,61.07142857,54000
W0030,TN22 4LA,Box001 poly base,30.34188034,27.30769231,0
W0030,TN22 4LA,Box001 poly lid,30.34188034,27.30769231,0
W0030,TN22 4LA,Box016 LP Base,45.6416012,41.07744108,0
W0030,TN22 4LA,Box016 Lid,33.88888889,30.5,0
W0044,F35 CD58,10kg Base - Plain,278.7,35.71,486100
W0044,F35 CD58,10kg Lid - Plain,225.52,35.71,486100
W0044,F35 CD58,Met Tray,680.35,93.75,856600
W0044,F35 CD58,10kg Base - Plain,240.75,35.71,486100
W0044,F35 CD58,10kg Lid - Plain,240.75,35.71,486100
W0044,F35 CD58,Met Tray,653,93.75,856600
W0096,G5 8NT,Box011 base,55,38.5,0
W0096,G5 8NT,Box011 lid,55,38.5,0
W0096,G5 8NT,Box027 base,76.38888889,53.47222222,0
W0096,G5 8NT,Box027 lid,76.38888889,53.47222222,0
W0083,S20 3RW,New Printed lid - 26 pallet price,19.38461538,14.53846154,90000
W0083,S20 3RW,New Printed lid - 13 pallet price,33.34615385,28.5,90000
Y0001,B12 0UL,Box021 base,585.81,39.66666667,0
Y0001,B12 0UL,Box021 lid,575.33,39.66666667,0
